<?xml version="1.0" encoding="UTF-8"?>
<odoo>
    <data noupdate="0">
        <record model="ir.module.category" id="special_right_rent">
            <field name="name">Fleet Rent Access Right</field>
            <field name="sequence">12</field>
        </record>

        <record id="group_vehicle_manager" model="res.groups">
            <field name="name">Vehicle Rent Manager</field>
            <field name="category_id" ref="special_right_rent"/>
        </record>

        <record id="group_vehicle_user" model="res.groups">
            <field name="name">Vehicle Tenant</field>
            <field name="category_id" ref="special_right_rent"/>
        </record>
    </data>
    <data noupdate="1">
        <record id="base.default_user" model="res.users">
            <field name="groups_id" eval="[(4,ref('fleet_rent.group_vehicle_user'))]"/>
        </record>
        <record id="base.user_root" model="res.users">
            <field name="groups_id" eval="[(4,ref('fleet_rent.group_vehicle_manager'))]"/>
        </record>
        <record id="fleet_rule_rent_visibility_user" model="ir.rule">
            <field name="name">User can only see his/her rents</field>
            <field name="model_id" ref="model_account_analytic_account"/>
            <field name="groups" eval="[(4, ref('group_vehicle_user'))]"/>
            <field name="perm_read" eval="True"/>
            <field name="perm_write" eval="False"/>
            <field name="perm_create" eval="False"/>
            <field name="perm_unlink" eval="False"/>
            <field name="domain_force">[('tenant_id','=',user.partner_id.id)]</field>
        </record>
    </data>
</odoo>