<?xml version="1.0" encoding="UTF-8"?>
<odoo>
	<!-- Scheduler to done the rent-->
	<record id="rent_done_cron" model="ir.cron">
		<field name="name">Rent Done</field>
		<field name="state">code</field>
		<field name="code">model.rent_done_cron()</field>
		<field name="interval_number">1</field>
		<field name="interval_type">minutes</field>
		<field name="numbercall">-1</field>
		<field name="nextcall"
			eval="DateTime.now().strftime('%Y-%m-%d 12:00:00')"/>
		<field name="doall" eval="False" />
		<field name="model_id" ref="analytic.model_account_analytic_account"/>
	</record>
</odoo>